Sequences,RRM_SN_grbp5,RRM_SN_m6,sseq_match_score_grbp5,sseq_match_score_m6
IGVRKSARKWNN,3.9643732569500365,3.4386167986056866,6,6
LDLTPGSHVDSY,3.737484646877938,1.9401406448554996,7,8
LTLTPGSHVDSY,3.6612996255277976,1.7621098413241925,7,8
FDRISNSAFSDF,4.290469373065538,3.49429975994587,4,5
FDRISSSAFSDF,4.835410960463124,2.398641048540137,3,6
SGDTSSQAKGMW,3.6353709793420013,2.7674157609153496,4,6
QLSEDASKVITY,4.312190671490123,3.673904521769156,4,4
YDRISNSAFSDF,4.116755702909698,2.9028797282910577,4,5
YDRISGSAFSDF,4.125806287602751,2.8817836385812985,4,5
IFLPGSVILRAL,5.073675546565263,2.724680915699252,4,4
