Sequences,RRM_SN_grbp5,RRM_Corr_grbp5,PAM30_grbp5,BLOSUM45_grbp5,sseq_matches_grbp5,sseq_match_score_grbp5,num_matches_grbp5,num_match_score_grbp5,RRM_SN_m6,RRM_Corr_m6,PAM30_m6,BLOSUM45_m6,sseq_matches_m6,sseq_match_score_m6,num_matches_m6,num_match_score_m6,RRM_avg,num_score_avg,weighted_SN_num,sseq_score_avg,weighted_SN_sseq
IGVRKSARKWNN,3.9643732569500365,0.7966791315237002,0.7572815533980584,0.6304347826086956,"[('I', 0), ('V', 2), ('S', 5)]",6,"[('1', 0), ('1', 2), ('2', 5), ('2', 10)]",8,3.4386167986056866,0.4983623346503017,0.7572815533980584,0.6304347826086956,"[('I', 0), ('V', 2), ('S', 5)]",6,"[('1', 0), ('1', 2), ('2', 5)]",6,3.7014950277778613,7.0,25.91046519444503,6.0,22.208970166667168
LDLTPGSHVDSY,3.737484646877938,0.5388789560234213,0.9320388349514565,0.9565217391304347,"[('T', 3), ('S', 6), ('SY', 10)]",7,"[('1', 0), ('20', 10)]",5,1.9401406448554996,0.8235288995795965,0.9320388349514565,0.9565217391304347,"[('T', 3), ('S', 6), ('D', 9), ('Y', 11)]",8,"[('1', 0), ('12', 2), ('5', 9), ('0', 11)]",9,2.838812645866719,7.0,19.871688521067036,7.5,21.291094844000394
LTLTPGSHVDSY,3.6612996255277976,0.5653691701996555,1.0,1.0,"[('T', 3), ('S', 6), ('SY', 10)]",7,"[('1', 0), ('20', 10)]",5,1.7621098413241925,0.853532123037908,1.0,1.0,"[('T', 3), ('S', 6), ('D', 9), ('Y', 11)]",8,"[('1', 0), ('12', 2), ('5', 9), ('0', 11)]",9,2.711704733425995,7.0,18.981933133981965,7.5,20.337785500694963
FDRISNSAFSDF,4.290469373065538,0.7470873209357538,0.825242718446602,0.717391304347826,"[('S', 6), ('S', 9)]",4,"[('22', 5), ('02', 8)]",6,3.49429975994587,0.48189375260402034,0.825242718446602,0.717391304347826,"[('SA', 6), ('D', 10)]",5,"[('2210', 5), ('50', 10)]",8,3.8923845665057044,7.0,27.24669196553993,4.5,17.51573054927567
FDRISSSAFSDF,4.835410960463124,0.5205558637114787,0.8834951456310681,0.7826086956521738,"[('SS', 5)]",3,"[('22', 5), ('02', 8)]",6,2.398641048540137,0.21478174537207978,0.8834951456310681,0.7826086956521738,"[('SSA', 5), ('D', 10)]",6,"[('2210', 5), ('50', 10)]",8,3.6170260045016303,7.0,25.31918203151141,4.5,16.276617020257337
SGDTSSQAKGMW,3.6353709793420013,0.8338481602696795,0.5825242718446603,0.5434782608695652,"[('T', 3), ('S', 5)]",4,"[('2', 3), ('22', 5), ('0', 11)]",7,2.7674157609153496,0.7142299585805205,0.5825242718446603,0.5434782608695652,"[('T', 3), ('S', 5), ('A', 7)]",6,"[('2', 3), ('221', 5), ('0', 11)]",8,3.2013933701286756,7.5,24.010450275965066,5.0,16.00696685064338
QLSEDASKVITY,4.312190671490123,0.7273413254358921,0.8155339805825244,0.7391304347826086,"[('S', 6), ('Y', 11)]",4,"[('1', 1), ('5', 4), ('2', 6), ('20', 10)]",9,3.673904521769156,0.8220077149680541,0.8155339805825244,0.7391304347826086,"[('S', 6), ('Y', 11)]",4,"[('1', 1), ('2', 6), ('0', 11)]",6,3.9930475966296397,7.5,29.9478569747223,4.0,15.972190386518559
YDRISNSAFSDF,4.116755702909698,0.6584186482359843,0.7864077669902914,0.6956521739130435,"[('S', 6), ('S', 9)]",4,"[('22', 5), ('02', 8)]",6,2.9028797282910577,0.3396809715882915,0.7864077669902914,0.6956521739130435,"[('SA', 6), ('D', 10)]",5,"[('2210', 5), ('50', 10)]",8,3.509817715600378,7.0,24.568724009202647,4.5,15.7941797202017
YDRISGSAFSDF,4.125806287602751,0.6559799163170412,0.766990291262136,0.6739130434782608,"[('S', 6), ('S', 9)]",4,"[('2', 6), ('02', 8)]",5,2.8817836385812985,0.33566276004419526,0.766990291262136,0.6739130434782608,"[('SA', 6), ('D', 10)]",5,"[('210', 6), ('50', 10)]",7,3.503794963092025,6.0,21.02276977855215,4.5,15.767077333914113
IFLPGSVILRAL,5.073675546565263,0.6382734198193645,0.7087378640776699,0.5652173913043478,"[('I', 0), ('S', 5)]",4,"[('1', 0), ('1', 2), ('2', 5)]",6,2.724680915699252,0.9380457814716414,0.7087378640776699,0.5652173913043478,"[('I', 0), ('S', 5)]",4,"[('1', 0), ('1', 2), ('2', 5), ('1', 7)]",8,3.8991782311322574,7.0,27.2942476179258,4.0,15.59671292452903
